selection_rank,project,jira_key,repository,pr_number,requested_url,outcome,http_status,retrieval_timestamp,error_classification,raw_artifact_path
1,PARQUET,PARQUET-1032,apache/parquet-format,30,https://github.com/apache/parquet-format/pull/30,ACQUIRED,200,2026-09-30T11:01:16.569604+00:00,,raw/PARQUET/apache__parquet-format/pr_30.json
2,PARQUET,PARQUET-1202,databricks/spark-avro,73,https://github.com/databricks/spark-avro/pull/73,ACQUIRED,200,2026-09-30T11:01:19.001010+00:00,,raw/PARQUET/databricks__spark-avro/pr_73.json
3,PARQUET,PARQUET-1639,apache/arrow,4985,https://github.com/apache/arrow/pull/4985,ACQUIRED,200,2026-09-30T11:01:21.675278+00:00,,raw/PARQUET/apache__arrow/pr_4985.json
4,PARQUET,PARQUET-171,apache/incubator-parquet-mr,107,https://github.com/apache/incubator-parquet-mr/pull/107,NOT_FOUND,404,2026-09-30T11:01:24.598043+00:00,PR #107 not found in repository 'apache/incubator-parquet-mr',
5,PARQUET,PARQUET-1809,apache/spark,27728,https://github.com/apache/spark/pull/27728,ACQUIRED,200,2026-09-30T11:01:25.969440+00:00,,raw/PARQUET/apache__spark/pr_27728.json
6,PARQUET,PARQUET-752,apache/arrow,176,https://github.com/apache/arrow/pull/176,ACQUIRED,200,2026-09-30T11:01:28.889095+00:00,,raw/PARQUET/apache__arrow/pr_176.json
7,PARQUET,PARQUET-88,apache/incubator-parquet-mr,53,https://github.com/apache/incubator-parquet-mr/pull/53,NOT_FOUND,404,2026-09-30T11:01:31.522993+00:00,PR #53 not found in repository 'apache/incubator-parquet-mr',
8,KAFKA,KAFKA-10064,apache/kafka,8621,https://github.com/apache/kafka/pull/8621,ACQUIRED,200,2026-09-30T11:01:32.859483+00:00,,raw/KAFKA/apache__kafka/pr_8621.json
9,KAFKA,KAFKA-10170,apache/kafka,8657,https://github.com/apache/kafka/pull/8657,ACQUIRED,200,2026-09-30T11:01:36.610961+00:00,,raw/KAFKA/apache__kafka/pr_8657.json
10,KAFKA,KAFKA-10297,apache/kafka,8864,https://github.com/apache/kafka/pull/8864,ACQUIRED,200,2026-09-30T11:01:40.026202+00:00,,raw/KAFKA/apache__kafka/pr_8864.json
11,KAFKA,KAFKA-10298,apache/kafka,9031,https://github.com/apache/kafka/pull/9031,ACQUIRED,200,2026-09-30T11:01:42.866008+00:00,,raw/KAFKA/apache__kafka/pr_9031.json
12,KAFKA,KAFKA-10669,apache/kafka,8295,https://github.com/apache/kafka/pull/8295,ACQUIRED,200,2026-09-30T11:01:45.497192+00:00,,raw/KAFKA/apache__kafka/pr_8295.json
13,KAFKA,KAFKA-10698,apache/kafka,9401,https://github.com/apache/kafka/pull/9401,ACQUIRED,200,2026-09-30T11:01:48.834787+00:00,,raw/KAFKA/apache__kafka/pr_9401.json
14,KAFKA,KAFKA-10768,apache/kafka,3752,https://github.com/apache/kafka/pull/3752,ACQUIRED,200,2026-09-30T11:01:52.041461+00:00,,raw/KAFKA/apache__kafka/pr_3752.json
15,KAFKA,KAFKA-12190,apache/kafka,9583,https://github.com/apache/kafka/pull/9583,ACQUIRED,200,2026-09-30T11:01:55.251159+00:00,,raw/KAFKA/apache__kafka/pr_9583.json
16,KAFKA,KAFKA-12569,apache/kafka,10407,https://github.com/apache/kafka/pull/10407,ACQUIRED,200,2026-09-30T11:01:58.040198+00:00,,raw/KAFKA/apache__kafka/pr_10407.json
17,KAFKA,KAFKA-12770,apache/kafka,10656,https://github.com/apache/kafka/pull/10656,ACQUIRED,200,2026-09-30T11:02:00.883758+00:00,,raw/KAFKA/apache__kafka/pr_10656.json
18,KAFKA,KAFKA-12771,apache/kafka,10656,https://github.com/apache/kafka/pull/10656,ACQUIRED,200,2026-09-30T11:02:03.651518+00:00,,raw/KAFKA/apache__kafka/pr_10656.json
19,KAFKA,KAFKA-12897,apache/kafka,10494,https://github.com/apache/kafka/pull/10494,ACQUIRED,200,2026-09-30T11:02:06.337547+00:00,,raw/KAFKA/apache__kafka/pr_10494.json
20,KAFKA,KAFKA-13191,apache/kafka,9100,https://github.com/apache/kafka/pull/9100,ACQUIRED,200,2026-09-30T11:02:09.184042+00:00,,raw/KAFKA/apache__kafka/pr_9100.json
21,KAFKA,KAFKA-5541,apache/kafka,3449,https://github.com/apache/kafka/pull/3449,ACQUIRED,200,2026-09-30T11:02:12.187281+00:00,,raw/KAFKA/apache__kafka/pr_3449.json
22,KAFKA,KAFKA-5607,apache/kafka,3526,https://github.com/apache/kafka/pull/3526,ACQUIRED,200,2026-09-30T11:02:15.332550+00:00,,raw/KAFKA/apache__kafka/pr_3526.json
23,KAFKA,KAFKA-5966,apache/kafka,3027,https://github.com/apache/kafka/pull/3027,ACQUIRED,200,2026-09-30T11:02:18.736059+00:00,,raw/KAFKA/apache__kafka/pr_3027.json
24,KAFKA,KAFKA-7011,apache/kafka,5117,https://github.com/apache/kafka/pull/5117,ACQUIRED,200,2026-09-30T11:02:22.096527+00:00,,raw/KAFKA/apache__kafka/pr_5117.json
25,KAFKA,KAFKA-7636,apache/kafka,5919,https://github.com/apache/kafka/pull/5919,ACQUIRED,200,2026-09-30T11:02:24.997813+00:00,,raw/KAFKA/apache__kafka/pr_5919.json
26,KAFKA,KAFKA-7956,apache/kafka,6218,https://github.com/apache/kafka/pull/6218,ACQUIRED,200,2026-09-30T11:02:28.077384+00:00,,raw/KAFKA/apache__kafka/pr_6218.json
27,KAFKA,KAFKA-8224,apache/kafka,6177,https://github.com/apache/kafka/pull/6177,ACQUIRED,200,2026-09-30T11:02:30.968689+00:00,,raw/KAFKA/apache__kafka/pr_6177.json
28,KAFKA,KAFKA-8240,apache/kafka,5284,https://github.com/apache/kafka/pull/5284,ACQUIRED,200,2026-09-30T11:02:33.983369+00:00,,raw/KAFKA/apache__kafka/pr_5284.json
29,KAFKA,KAFKA-8352,apache/kafka,6651,https://github.com/apache/kafka/pull/6651,ACQUIRED,200,2026-09-30T11:02:36.792171+00:00,,raw/KAFKA/apache__kafka/pr_6651.json
30,KAFKA,KAFKA-8884,apache/kafka,7309,https://github.com/apache/kafka/pull/7309,ACQUIRED,200,2026-09-30T11:02:39.815629+00:00,,raw/KAFKA/apache__kafka/pr_7309.json
31,KAFKA,KAFKA-9168,facebook/rocksdb,2283,https://github.com/facebook/rocksdb/pull/2283,ACQUIRED,200,2026-09-30T11:02:43.374183+00:00,,raw/KAFKA/facebook__rocksdb/pr_2283.json
32,KAFKA,KAFKA-9447,apache/kafka,7952,https://github.com/apache/kafka/pull/7952,ACQUIRED,200,2026-09-30T11:02:46.214681+00:00,,raw/KAFKA/apache__kafka/pr_7952.json
33,KAFKA,KAFKA-9790,apache/kafka,6843,https://github.com/apache/kafka/pull/6843,ACQUIRED,200,2026-09-30T11:02:49.074444+00:00,,raw/KAFKA/apache__kafka/pr_6843.json
34,AVRO,AVRO-2034,apache/avro,224,https://github.com/apache/avro/pull/224,ACQUIRED,200,2026-09-30T11:02:51.874376+00:00,,raw/AVRO/apache__avro/pr_224.json
35,AVRO,AVRO-2039,apache/avro,230,https://github.com/apache/avro/pull/230,ACQUIRED,200,2026-09-30T11:02:54.507309+00:00,,raw/AVRO/apache__avro/pr_230.json
36,AVRO,AVRO-2199,salsify/avro-patches,16,https://github.com/salsify/avro-patches/pull/16,ACQUIRED,200,2026-09-30T11:02:57.202456+00:00,,raw/AVRO/salsify__avro-patches/pr_16.json
37,AVRO,AVRO-2438,apache/avro,329,https://github.com/apache/avro/pull/329,ACQUIRED,200,2026-09-30T11:02:59.768996+00:00,,raw/AVRO/apache__avro/pr_329.json
38,AVRO,AVRO-2624,apache/avro,706,https://github.com/apache/avro/pull/706,ACQUIRED,200,2026-09-30T11:03:02.356932+00:00,,raw/AVRO/apache__avro/pr_706.json
39,AVRO,AVRO-2931,apache/avro,958,https://github.com/apache/avro/pull/958,ACQUIRED,200,2026-09-30T11:03:05.255196+00:00,,raw/AVRO/apache__avro/pr_958.json
40,FLINK,FLINK-12394,apache/flink,8117,https://github.com/apache/flink/pull/8117,ACQUIRED,200,2026-09-30T11:03:07.904409+00:00,,raw/FLINK/apache__flink/pr_8117.json
41,FLINK,FLINK-126,stratosphere/stratosphere,126,https://github.com/stratosphere/stratosphere/pull/126,ACQUIRED,200,2026-09-30T11:03:10.734560+00:00,,raw/FLINK/stratosphere__stratosphere/pr_126.json
42,FLINK,FLINK-1359,apache/incubator-flink,254,https://github.com/apache/incubator-flink/pull/254,ACQUIRED,200,2026-09-30T11:03:13.364275+00:00,,raw/FLINK/apache__incubator-flink/pr_254.json
43,FLINK,FLINK-13639,apache/flink,8362,https://github.com/apache/flink/pull/8362,ACQUIRED,200,2026-09-30T11:03:17.080926+00:00,,raw/FLINK/apache__flink/pr_8362.json
44,FLINK,FLINK-1373,apache/flink,254,https://github.com/apache/flink/pull/254,ACQUIRED,200,2026-09-30T11:03:19.945492+00:00,,raw/FLINK/apache__flink/pr_254.json
45,FLINK,FLINK-13730,apache/flink,7605,https://github.com/apache/flink/pull/7605,ACQUIRED,200,2026-09-30T11:03:22.391184+00:00,,raw/FLINK/apache__flink/pr_7605.json
46,FLINK,FLINK-145,stratosphere/stratosphere,145,https://github.com/stratosphere/stratosphere/pull/145,ACQUIRED,200,2026-09-30T11:03:25.098514+00:00,,raw/FLINK/stratosphere__stratosphere/pr_145.json
47,FLINK,FLINK-14700,apache/flink,10106,https://github.com/apache/flink/pull/10106,ACQUIRED,200,2026-09-30T11:03:27.641389+00:00,,raw/FLINK/apache__flink/pr_10106.json
48,FLINK,FLINK-14846,facebook/rocksdb,5670,https://github.com/facebook/rocksdb/pull/5670,ACQUIRED,200,2026-09-30T11:03:30.499011+00:00,,raw/FLINK/facebook__rocksdb/pr_5670.json
49,FLINK,FLINK-14853,apache/flink,10216,https://github.com/apache/flink/pull/10216,ACQUIRED,200,2026-09-30T11:03:33.254815+00:00,,raw/FLINK/apache__flink/pr_10216.json
50,FLINK,FLINK-15832,apache/flink,10936,https://github.com/apache/flink/pull/10936,ACQUIRED,200,2026-09-30T11:03:35.993300+00:00,,raw/FLINK/apache__flink/pr_10936.json
51,FLINK,FLINK-1760,apache/flink,477,https://github.com/apache/flink/pull/477,ACQUIRED,200,2026-09-30T11:03:38.900617+00:00,,raw/FLINK/apache__flink/pr_477.json
52,FLINK,FLINK-17608,apache/flink,11731,https://github.com/apache/flink/pull/11731,ACQUIRED,200,2026-09-30T11:03:41.847991+00:00,,raw/FLINK/apache__flink/pr_11731.json
53,FLINK,FLINK-18067,apache/flink,11176,https://github.com/apache/flink/pull/11176,ACQUIRED,200,2026-09-30T11:03:44.694912+00:00,,raw/FLINK/apache__flink/pr_11176.json
54,FLINK,FLINK-18755,apache/flink,12729,https://github.com/apache/flink/pull/12729,ACQUIRED,200,2026-09-30T11:03:47.640693+00:00,,raw/FLINK/apache__flink/pr_12729.json
55,FLINK,FLINK-19988,apache/flink,13586,https://github.com/apache/flink/pull/13586,ACQUIRED,200,2026-09-30T11:03:50.545963+00:00,,raw/FLINK/apache__flink/pr_13586.json
56,FLINK,FLINK-20650,docker-library/official-images,9249,https://github.com/docker-library/official-images/pull/9249,ACQUIRED,200,2026-09-30T11:03:53.019790+00:00,,raw/FLINK/docker-library__official-images/pr_9249.json
57,FLINK,FLINK-20991,docker-library/official-images,9345,https://github.com/docker-library/official-images/pull/9345,ACQUIRED,200,2026-09-30T11:03:55.666539+00:00,,raw/FLINK/docker-library__official-images/pr_9345.json
58,FLINK,FLINK-21572,apache/flink,12923,https://github.com/apache/flink/pull/12923,ACQUIRED,200,2026-09-30T11:03:58.111207+00:00,,raw/FLINK/apache__flink/pr_12923.json
59,FLINK,FLINK-22479,awslabs/amazon-kinesis-connector-flink,24,https://github.com/awslabs/amazon-kinesis-connector-flink/pull/24,ACQUIRED,200,2026-09-30T11:04:00.757157+00:00,,raw/FLINK/awslabs__amazon-kinesis-connector-flink/pr_24.json
60,FLINK,FLINK-22488,apache/flink,15605,https://github.com/apache/flink/pull/15605,ACQUIRED,200,2026-09-30T11:04:04.502506+00:00,,raw/FLINK/apache__flink/pr_15605.json
61,FLINK,FLINK-226,stratosphere/stratosphere,226,https://github.com/stratosphere/stratosphere/pull/226,ACQUIRED,200,2026-09-30T11:04:07.162207+00:00,,raw/FLINK/stratosphere__stratosphere/pr_226.json
62,FLINK,FLINK-22944,apache/flink,16035,https://github.com/apache/flink/pull/16035,ACQUIRED,200,2026-09-30T11:04:09.649891+00:00,,raw/FLINK/apache__flink/pr_16035.json
63,FLINK,FLINK-23399,apache/flink,14893,https://github.com/apache/flink/pull/14893,ACQUIRED,200,2026-09-30T11:04:12.658285+00:00,,raw/FLINK/apache__flink/pr_14893.json
64,FLINK,FLINK-236,stratosphere/stratosphere,126,https://github.com/stratosphere/stratosphere/pull/126,ACQUIRED,200,2026-09-30T11:04:15.463910+00:00,,raw/FLINK/stratosphere__stratosphere/pr_126.json
65,FLINK,FLINK-2572,apache/flink,1049,https://github.com/apache/flink/pull/1049,ACQUIRED,200,2026-09-30T11:04:17.902338+00:00,,raw/FLINK/apache__flink/pr_1049.json
66,FLINK,FLINK-268,stratosphere/stratosphere,268,https://github.com/stratosphere/stratosphere/pull/268,ACQUIRED,200,2026-09-30T11:04:21.022528+00:00,,raw/FLINK/stratosphere__stratosphere/pr_268.json
67,FLINK,FLINK-280,stratosphere/stratosphere,107,https://github.com/stratosphere/stratosphere/pull/107,ACQUIRED,200,2026-09-30T11:04:23.363519+00:00,,raw/FLINK/stratosphere__stratosphere/pr_107.json
68,FLINK,FLINK-283,stratosphere/stratosphere,283,https://github.com/stratosphere/stratosphere/pull/283,ACQUIRED,200,2026-09-30T11:04:25.693955+00:00,,raw/FLINK/stratosphere__stratosphere/pr_283.json
69,FLINK,FLINK-289,stratosphere/stratosphere,289,https://github.com/stratosphere/stratosphere/pull/289,ACQUIRED,200,2026-09-30T11:04:28.199612+00:00,,raw/FLINK/stratosphere__stratosphere/pr_289.json
70,FLINK,FLINK-291,stratosphere/stratosphere,291,https://github.com/stratosphere/stratosphere/pull/291,ACQUIRED,200,2026-09-30T11:04:30.747689+00:00,,raw/FLINK/stratosphere__stratosphere/pr_291.json
71,FLINK,FLINK-301,stratosphere/stratosphere,301,https://github.com/stratosphere/stratosphere/pull/301,ACQUIRED,200,2026-09-30T11:04:33.263148+00:00,,raw/FLINK/stratosphere__stratosphere/pr_301.json
72,FLINK,FLINK-311,stratosphere/stratosphere,311,https://github.com/stratosphere/stratosphere/pull/311,ACQUIRED,200,2026-09-30T11:04:35.535686+00:00,,raw/FLINK/stratosphere__stratosphere/pr_311.json
73,FLINK,FLINK-312,stratosphere/stratosphere,312,https://github.com/stratosphere/stratosphere/pull/312,ACQUIRED,200,2026-09-30T11:04:37.853248+00:00,,raw/FLINK/stratosphere__stratosphere/pr_312.json
74,FLINK,FLINK-313,stratosphere/stratosphere,313,https://github.com/stratosphere/stratosphere/pull/313,ACQUIRED,200,2026-09-30T11:04:40.224585+00:00,,raw/FLINK/stratosphere__stratosphere/pr_313.json
75,FLINK,FLINK-42,stratosphere/stratosphere,42,https://github.com/stratosphere/stratosphere/pull/42,ACQUIRED,200,2026-09-30T11:04:42.589403+00:00,,raw/FLINK/stratosphere__stratosphere/pr_42.json
76,FLINK,FLINK-431,stratosphere/stratosphere,431,https://github.com/stratosphere/stratosphere/pull/431,ACQUIRED,200,2026-09-30T11:04:44.994823+00:00,,raw/FLINK/stratosphere__stratosphere/pr_431.json
77,FLINK,FLINK-435,stratosphere/stratosphere,435,https://github.com/stratosphere/stratosphere/pull/435,ACQUIRED,200,2026-09-30T11:04:47.427452+00:00,,raw/FLINK/stratosphere__stratosphere/pr_435.json
78,FLINK,FLINK-564,stratosphere/stratosphere,564,https://github.com/stratosphere/stratosphere/pull/564,ACQUIRED,200,2026-09-30T11:04:50.129665+00:00,,raw/FLINK/stratosphere__stratosphere/pr_564.json
79,FLINK,FLINK-569,stratosphere/stratosphere,569,https://github.com/stratosphere/stratosphere/pull/569,ACQUIRED,200,2026-09-30T11:04:52.577329+00:00,,raw/FLINK/stratosphere__stratosphere/pr_569.json
80,FLINK,FLINK-592,stratosphere/stratosphere,591,https://github.com/stratosphere/stratosphere/pull/591,ACQUIRED,200,2026-09-30T11:04:55.763439+00:00,,raw/FLINK/stratosphere__stratosphere/pr_591.json
81,FLINK,FLINK-630,stratosphere/stratosphere,630,https://github.com/stratosphere/stratosphere/pull/630,ACQUIRED,200,2026-09-30T11:04:58.465379+00:00,,raw/FLINK/stratosphere__stratosphere/pr_630.json
82,FLINK,FLINK-68,stratosphere/stratosphere,68,https://github.com/stratosphere/stratosphere/pull/68,ACQUIRED,200,2026-09-30T11:05:01.004976+00:00,,raw/FLINK/stratosphere__stratosphere/pr_68.json
83,FLINK,FLINK-688,stratosphere/stratosphere,688,https://github.com/stratosphere/stratosphere/pull/688,ACQUIRED,200,2026-09-30T11:05:03.542235+00:00,,raw/FLINK/stratosphere__stratosphere/pr_688.json
84,FLINK,FLINK-699,stratosphere/stratosphere,699,https://github.com/stratosphere/stratosphere/pull/699,ACQUIRED,200,2026-09-30T11:05:06.263001+00:00,,raw/FLINK/stratosphere__stratosphere/pr_699.json
85,FLINK,FLINK-716,stratosphere/stratosphere,716,https://github.com/stratosphere/stratosphere/pull/716,ACQUIRED,200,2026-09-30T11:05:08.642863+00:00,,raw/FLINK/stratosphere__stratosphere/pr_716.json
86,FLINK,FLINK-723,stratosphere/stratosphere,723,https://github.com/stratosphere/stratosphere/pull/723,ACQUIRED,200,2026-09-30T11:05:11.092574+00:00,,raw/FLINK/stratosphere__stratosphere/pr_723.json
87,FLINK,FLINK-729,stratosphere/stratosphere,726,https://github.com/stratosphere/stratosphere/pull/726,ACQUIRED,200,2026-09-30T11:05:13.368479+00:00,,raw/FLINK/stratosphere__stratosphere/pr_726.json
88,FLINK,FLINK-74,stratosphere/stratosphere,74,https://github.com/stratosphere/stratosphere/pull/74,ACQUIRED,200,2026-09-30T11:05:15.837169+00:00,,raw/FLINK/stratosphere__stratosphere/pr_74.json
89,FLINK,FLINK-758,stratosphere/stratosphere,758,https://github.com/stratosphere/stratosphere/pull/758,ACQUIRED,200,2026-09-30T11:05:18.317686+00:00,,raw/FLINK/stratosphere__stratosphere/pr_758.json
90,FLINK,FLINK-774,stratosphere/stratosphere,774,https://github.com/stratosphere/stratosphere/pull/774,ACQUIRED,200,2026-09-30T11:05:20.740158+00:00,,raw/FLINK/stratosphere__stratosphere/pr_774.json
91,FLINK,FLINK-794,stratosphere/stratosphere,794,https://github.com/stratosphere/stratosphere/pull/794,ACQUIRED,200,2026-09-30T11:05:23.373804+00:00,,raw/FLINK/stratosphere__stratosphere/pr_794.json
92,FLINK,FLINK-8365,apache/flink,4963,https://github.com/apache/flink/pull/4963,ACQUIRED,200,2026-09-30T11:05:25.867503+00:00,,raw/FLINK/apache__flink/pr_4963.json
93,FLINK,FLINK-844,stratosphere/stratosphere,844,https://github.com/stratosphere/stratosphere/pull/844,ACQUIRED,200,2026-09-30T11:05:29.070286+00:00,,raw/FLINK/stratosphere__stratosphere/pr_844.json
94,FLINK,FLINK-89,stratosphere/stratosphere,89,https://github.com/stratosphere/stratosphere/pull/89,ACQUIRED,200,2026-09-30T11:05:31.615191+00:00,,raw/FLINK/stratosphere__stratosphere/pr_89.json
95,FLINK,FLINK-891,stratosphere/stratosphere,891,https://github.com/stratosphere/stratosphere/pull/891,ACQUIRED,200,2026-09-30T11:05:34.029519+00:00,,raw/FLINK/stratosphere__stratosphere/pr_891.json
96,ZOOKEEPER,ZOOKEEPER-2444,apache/zookeeper,70,https://github.com/apache/zookeeper/pull/70,ACQUIRED,200,2026-09-30T11:05:36.564155+00:00,,raw/ZOOKEEPER/apache__zookeeper/pr_70.json
97,ZOOKEEPER,ZOOKEEPER-3252,apache/zookeeper,684,https://github.com/apache/zookeeper/pull/684,ACQUIRED,200,2026-09-30T11:05:39.054655+00:00,,raw/ZOOKEEPER/apache__zookeeper/pr_684.json
98,ZOOKEEPER,ZOOKEEPER-3396,apache/zookeeper,770,https://github.com/apache/zookeeper/pull/770,ACQUIRED,200,2026-09-30T11:05:41.891749+00:00,,raw/ZOOKEEPER/apache__zookeeper/pr_770.json
99,ZOOKEEPER,ZOOKEEPER-3681,apache/zookeeper,1166,https://github.com/apache/zookeeper/pull/1166,ACQUIRED,200,2026-09-30T11:05:44.593939+00:00,,raw/ZOOKEEPER/apache__zookeeper/pr_1166.json
100,ZOOKEEPER,ZOOKEEPER-4384,apache/zookeeper,1761,https://github.com/apache/zookeeper/pull/1761,ACQUIRED,200,2026-09-30T11:05:47.481548+00:00,,raw/ZOOKEEPER/apache__zookeeper/pr_1761.json
