case_id,category,source_system,jira_key,requested_repo,target_repo,pr_number,relationship_taxonomy,observed_facts,safe_conclusion,unsafe_inference,orbit_representation
CASE-A-01,EMPIRICAL_GRADUATION_REDIRECT,Jira (FLINK),FLINK-1359,apache/incubator-flink,apache/flink,254,REDIRECT / GRADUATION_RENAME,Jira description referenced 'https://github.com/apache/incubator-flink/pull/254'. GitHub API returned HTTP 200 with base.repo.full_name = 'apache/flink' and PR# 254.,Navigation continuity from incubator URL to graduate repository; PR# 254 in apache/flink is the authentic target entity.,Inferring that incubator-flink and flink are universally identical repositories without repository-scoping.,"EntityRef(github, 'code_change', 'apache/flink/254') with ProvenanceRef documenting requested URL and redirection."
CASE-B-01,EMPIRICAL_NUMERIC_PR_COLLISION,Jira (FLINK),FLINK-126,stratosphere/stratosphere,stratosphere/stratosphere,126,PREDECESSOR_SUCCESSOR,"FLINK-126 links to stratosphere/stratosphere#126. apache/flink also possesses a PR# 126 with different author, commit SHA, and title.",stratosphere/stratosphere#126 and apache/flink#126 are completely distinct code change entities. Must remain isolated.,Normalizing 'stratosphere/stratosphere' to 'apache/flink' and falsely linking FLINK-126 to apache/flink#126.,"EntityRef(github, 'code_change', 'stratosphere/stratosphere/126') != EntityRef(github, 'code_change', 'apache/flink/126')."
CASE-C-01,EMPIRICAL_EXTERNAL_DEPENDENCY,Jira (KAFKA),KAFKA-9168,facebook/rocksdb,facebook/rocksdb,2283,EXTERNAL_DEPENDENCY,Kafka issue description links to RocksDB PR# 2283. RocksDB is an embedded C++ storage engine used by Kafka Streams.,KAFKA-9168 has a declared mention of an external dependency change in facebook/rocksdb.,Treating facebook/rocksdb as part of the Apache Kafka codebase or assuming Kafka issue resolution implies RocksDB PR merge.,"EntityRef(github, 'code_change', 'facebook/rocksdb/2283') as corroborating reference with external dependency metadata."
CASE-C-02,EMPIRICAL_ECOSYSTEM_PACKAGING,Jira (FLINK),FLINK-20650,docker-library/official-images,docker-library/official-images,9249,ECOSYSTEM_PACKAGING,FLINK-20650 links to PR# 9249 in Docker Hub official images repo updating Flink 1.12 image. Merged 36 days after Jira resolution.,Cross-system interaction with packaging ecosystem; temporal alignment is INVERTED (post-resolution packaging update).,Assuming packaging PR is the primary software implementation change resolving the Flink core issue.,"EntityRef(github, 'code_change', 'docker-library/official-images/9249'); Track B evaluates ORBIT-XB-03 finding."
CASE-C-03,EMPIRICAL_CROSS_PROJECT_SISTER,Jira (PARQUET),PARQUET-1639,apache/arrow,apache/arrow,4985,CROSS_PROJECT_INTEGRATION,Parquet Jira issue description links to Apache Arrow PR# 4985 (Arrow C++ Parquet reader integration).,Parquet issue references sister top-level Apache project change in apache/arrow.,Collapsing apache/arrow into apache/parquet-java.,"EntityRef(github, 'code_change', 'apache/arrow/4985') associated via DECLARED_MENTION."
CASE-C-04,EMPIRICAL_SPECIFICATION_COMPANION,Jira (PARQUET),PARQUET-1032,apache/parquet-format,apache/parquet-format,30,COMPANION_SPECIFICATION,Parquet Jira issue links to Parquet specification repo (parquet-format PR# 30).,"Issue references specification repository, not the Java implementation codebase.",Treating specification change as code implementation change.,"EntityRef(github, 'code_change', 'apache/parquet-format/30')."
CASE-C-05,EMPIRICAL_VENDOR_FORK_PATCH,Jira (AVRO),AVRO-2199,salsify/avro-patches,salsify/avro-patches,16,VENDOR_FORK,Avro Jira issue links to PR in a vendor fork repository 'salsify/avro-patches'.,Avro issue references an external vendor patch repository.,Treating vendor fork PR as canonical Apache Avro PR.,"EntityRef(github, 'code_change', 'salsify/avro-patches/16') with is_fork=True metadata."
CASE-D-01,EMPIRICAL_MANY_TO_ONE,Jira (KAFKA),"KAFKA-12770, KAFKA-12771",apache/kafka,apache/kafka,10656,MANY_TO_ONE_LINKAGE,Both KAFKA-12770 and KAFKA-12771 link to PR# 10656. KAFKA-12771 was Resolved; KAFKA-12770 remained 'Patch Available'.,One PR observation; two distinct alignments; Track B flags KAFKA-12770 with ORBIT-XB-02 (lifecycle tracking lag).,Collapsing the two Jira issues into duplicates or assuming both were completed because PR was merged.,One observation 'apache/kafka/10656'; two CrossSystemStateAlignment records.
CASE-D-02,EMPIRICAL_MANY_TO_ONE_PREDECESSOR,Jira (FLINK),"FLINK-126, FLINK-236",stratosphere/stratosphere,stratosphere/stratosphere,126,MANY_TO_ONE_LINKAGE,Both FLINK-126 and FLINK-236 link to stratosphere/stratosphere#126.,Two Jira issues reference the same PR in the predecessor repository.,Merging the Jira issues or confusing with apache/flink#126.,One observation 'stratosphere/stratosphere/126'; two alignments.
CASE-E-01,EMPIRICAL_ONE_TO_MANY,Jira (FLINK),FLINK-24409,apache/flink,apache/flink,"17401, 17773, 17799",ONE_TO_MANY_LINKAGE,"FLINK-24409 references PR# 17401 (abandoned/unmerged), PR# 17773 (merged), PR# 17799 (merged).",One Jira issue resolved across multiple distinct code change attempts.,Selecting only the first or last PR and ignoring multi-PR lifecycle.,One Jira observation; three PR observations; three distinct alignments.
ADV-01,ADVERSARIAL_NUMERIC_COLLISION,Cross-Project,PARQUET-2010 vs KAFKA-10064,apache/parquet-java vs apache/kafka,apache/parquet-java vs apache/kafka,885,INDEPENDENT_REPOSITORIES,PR# 885 exists in both apache/parquet-java and apache/kafka with identical numbers but distinct contents.,Entities are completely disjoint.,Stripping repository scope and keying PRs by numeric ID alone.,"EntityRef(github, 'code_change', 'apache/parquet-java/885') != EntityRef(github, 'code_change', 'apache/kafka/885')."
ADV-02,ADVERSARIAL_NAMESPACE_COLLISION,Cross-Namespace,KAFKA-10064,apache/kafka vs linkedin/kafka,apache/kafka vs linkedin/kafka,100,FORK / DOWNSTREAM_VENDOR,Repository name 'kafka' exists under both 'apache' and 'linkedin' namespaces.,Distinct repositories; linkedin/kafka is a downstream vendor fork.,Matching repositories by repository name alone without owner/org.,EntityRef includes owner namespace: 'apache/kafka/100' != 'linkedin/kafka/100'.
ADV-03,ADVERSARIAL_FORK_IDENTICAL_PR,Vendor Fork,AVRO-2199,apache/avro vs salsify/avro-patches,apache/avro vs salsify/avro-patches,16,VENDOR_FORK,PR# 16 exists in both apache/avro and salsify/avro-patches.,"salsify/avro-patches#16 is a private patch PR, not canonical Avro PR# 16.",Treating fork PR as canonical project PR.,Different EntityRefs; is_fork=True in CodeChangeState.extra_properties.
ADV-04,ADVERSARIAL_INCUBATOR_GRADUATION,Incubator Migration,FLINK-1359,apache/incubator-flink,apache/flink,254,REDIRECT / GRADUATION,apache/incubator-flink was renamed to apache/flink upon graduation; GitHub routes HTTP requests.,Repository evolution with confirmed upstream redirect continuity.,Assuming all incubator repositories have active redirects (e.g. incubator-parquet-mr 404s).,EntityRef('apache/flink/254') with ProvenanceRef documenting requested URL and redirection.
ADV-05,ADVERSARIAL_MIRROR_SAME_COMMITS,Git Mirror,KAFKA-13557,gitbox.apache.org/kafka vs github.com/apache/kafka,gitbox.apache.org/kafka vs github.com/apache/kafka,N/A (Git commits),CANONICAL_MIRROR,Apache GitBox and GitHub maintain synchronized mirrors with identical commit SHAs.,Commit SHAs are content-addressable and identical across mirrors; PR numbers exist only on GitHub.,Assuming GitHub PR numbers exist on GitBox or treating GitBox as GitHub.,"SourceInstance(github, 'github.com/apache') vs SourceInstance(git, 'gitbox.apache.org')."
ADV-06,ADVERSARIAL_PURGED_INCUBATION_404,Jira (PARQUET),PARQUET-171,apache/incubator-parquet-mr,apache/incubator-parquet-mr,107,PURGED_HISTORICAL_REPO,Jira description links to incubator-parquet-mr#107. GitHub returns HTTP 404.,"Historical reference exists in Jira, but target PR was purged during repository restructuring.",Fabricating PR metadata or assuming PR# 107 in apache/parquet-java is the same.,Acquisition outcome NOT_FOUND; alignment INSUFFICIENT_EVIDENCE.
ADV-07,ADVERSARIAL_ORGANIZATION_MOVE,Project Donation,FLINK-42,stratosphere/stratosphere,apache/flink,42,PREDECESSOR_SUCCESSOR,Stratosphere codebase was donated to Apache in 2014. stratosphere/stratosphere remains on GitHub as archive.,"stratosphere/stratosphere is an archived predecessor codebase, not an active alias of apache/flink.",Rewriting historical Stratosphere PRs to apache/flink.,"EntityRef(github, 'code_change', 'stratosphere/stratosphere/42')."
ADV-08,ADVERSARIAL_EXTERNAL_KEY_MENTION,Cross-Project Mention,KAFKA-9168,facebook/rocksdb,facebook/rocksdb,2283,EXTERNAL_DEPENDENCY,RocksDB PR title or description mentions 'KAFKA-9168' as external user context.,A Jira key mention in an external dependency PR does not prove the external PR is an Apache Kafka artifact.,Upgrading external mention to EXPLICIT_LINK or treating RocksDB commits as Kafka commits.,Relationship kind remains DECLARED_MENTION; dependency boundary preserved.
ADV-09,ADVERSARIAL_KEY_IN_DIFFERENT_REPO,Cross-Project Key Leak,PARQUET-752,apache/arrow,apache/arrow,176,CROSS_PROJECT_MENTION,"Arrow PR# 176 mentions 'PARQUET-752' in commit message. PR is in apache/arrow, not apache/parquet-java.",Cross-project collaboration on shared Parquet/Arrow reader.,Assuming Arrow PR is a Parquet PR or that merging Arrow PR automatically resolves Parquet issue.,Distinct repository scoping prevents Arrow PR from masquerading as Parquet PR.
ADV-10,ADVERSARIAL_REDIRECT_WITHOUT_ID,Third-Party Link Shortener,HYPOTHETICAL-01,bit.ly/3xyz -> github.com/apache/kafka/pull/1,apache/kafka,1,UNAUTHENTICATED_REDIRECT,Shortener or redirect service routes to a GitHub PR URL.,"Navigation metadata only. Identity must be established from destination GitHub object, not redirector.",Trusting redirect target without cryptographic/provenance dereferencing.,ProvenanceRef points to direct GitHub canonical URL; intermediate redirector logged as navigational.
ADV-11,ADVERSARIAL_NAMING_SIMILARITY,Sister Sub-Projects,PARQUET-1032,apache/parquet-format vs apache/parquet-mr,apache/parquet-format vs apache/parquet-mr,30,COMPANION_SPECIFICATION,Names 'parquet-format' and 'parquet-mr' share prefix 'parquet-' and organization 'apache'.,Separate repositories with separate lifecycles and PR sequences.,Fuzzy matching 'parquet-format' to 'parquet-mr' as a typo or alias.,Strict exact string match for repository name; zero fuzzy matching.
ADV-12,ADVERSARIAL_SHARED_HISTORY_FORK,Documented Fork,AVRO-2199,salsify/avro-patches,salsify/avro-patches,16,VENDOR_FORK,salsify/avro-patches shares commit history with apache/avro up to the fork point.,Shared commit ancestry does not make the fork identical to the upstream repository.,Treating a fork with shared git history as a successor repository.,CodeChangeState.extra_properties['is_fork'] = True; separate EntityRef.
