selection_rank,project,jira_key,repository,pr_number,source_url,selection_seed
1,PARQUET,PARQUET-1032,apache/parquet-format,30,https://github.com/apache/parquet-format/pull/30,42
2,PARQUET,PARQUET-1202,databricks/spark-avro,73,https://github.com/databricks/spark-avro/pull/73,42
3,PARQUET,PARQUET-1639,apache/arrow,4985,https://github.com/apache/arrow/pull/4985,42
4,PARQUET,PARQUET-171,apache/incubator-parquet-mr,107,https://github.com/apache/incubator-parquet-mr/pull/107,42
5,PARQUET,PARQUET-1809,apache/spark,27728,https://github.com/apache/spark/pull/27728,42
6,PARQUET,PARQUET-752,apache/arrow,176,https://github.com/apache/arrow/pull/176,42
7,PARQUET,PARQUET-88,apache/incubator-parquet-mr,53,https://github.com/apache/incubator-parquet-mr/pull/53,42
8,KAFKA,KAFKA-10064,apache/kafka,8621,https://github.com/apache/kafka/pull/8621,42
9,KAFKA,KAFKA-10170,apache/kafka,8657,https://github.com/apache/kafka/pull/8657,42
10,KAFKA,KAFKA-10297,apache/kafka,8864,https://github.com/apache/kafka/pull/8864,42
11,KAFKA,KAFKA-10298,apache/kafka,9031,https://github.com/apache/kafka/pull/9031,42
12,KAFKA,KAFKA-10669,apache/kafka,8295,https://github.com/apache/kafka/pull/8295,42
13,KAFKA,KAFKA-10698,apache/kafka,9401,https://github.com/apache/kafka/pull/9401,42
14,KAFKA,KAFKA-10768,apache/kafka,3752,https://github.com/apache/kafka/pull/3752,42
15,KAFKA,KAFKA-12190,apache/kafka,9583,https://github.com/apache/kafka/pull/9583,42
16,KAFKA,KAFKA-12569,apache/kafka,10407,https://github.com/apache/kafka/pull/10407,42
17,KAFKA,KAFKA-12770,apache/kafka,10656,https://github.com/apache/kafka/pull/10656,42
18,KAFKA,KAFKA-12771,apache/kafka,10656,https://github.com/apache/kafka/pull/10656,42
19,KAFKA,KAFKA-12897,apache/kafka,10494,https://github.com/apache/kafka/pull/10494,42
20,KAFKA,KAFKA-13191,apache/kafka,9100,https://github.com/apache/kafka/pull/9100,42
21,KAFKA,KAFKA-5541,apache/kafka,3449,https://github.com/apache/kafka/pull/3449,42
22,KAFKA,KAFKA-5607,apache/kafka,3526,https://github.com/apache/kafka/pull/3526,42
23,KAFKA,KAFKA-5966,apache/kafka,3027,https://github.com/apache/kafka/pull/3027,42
24,KAFKA,KAFKA-7011,apache/kafka,5117,https://github.com/apache/kafka/pull/5117,42
25,KAFKA,KAFKA-7636,apache/kafka,5919,https://github.com/apache/kafka/pull/5919,42
26,KAFKA,KAFKA-7956,apache/kafka,6218,https://github.com/apache/kafka/pull/6218,42
27,KAFKA,KAFKA-8224,apache/kafka,6177,https://github.com/apache/kafka/pull/6177,42
28,KAFKA,KAFKA-8240,apache/kafka,5284,https://github.com/apache/kafka/pull/5284,42
29,KAFKA,KAFKA-8352,apache/kafka,6651,https://github.com/apache/kafka/pull/6651,42
30,KAFKA,KAFKA-8884,apache/kafka,7309,https://github.com/apache/kafka/pull/7309,42
31,KAFKA,KAFKA-9168,facebook/rocksdb,2283,https://github.com/facebook/rocksdb/pull/2283,42
32,KAFKA,KAFKA-9447,apache/kafka,7952,https://github.com/apache/kafka/pull/7952,42
33,KAFKA,KAFKA-9790,apache/kafka,6843,https://github.com/apache/kafka/pull/6843,42
34,AVRO,AVRO-2034,apache/avro,224,https://github.com/apache/avro/pull/224,42
35,AVRO,AVRO-2039,apache/avro,230,https://github.com/apache/avro/pull/230,42
36,AVRO,AVRO-2199,salsify/avro-patches,16,https://github.com/salsify/avro-patches/pull/16,42
37,AVRO,AVRO-2438,apache/avro,329,https://github.com/apache/avro/pull/329,42
38,AVRO,AVRO-2624,apache/avro,706,https://github.com/apache/avro/pull/706,42
39,AVRO,AVRO-2931,apache/avro,958,https://github.com/apache/avro/pull/958,42
40,FLINK,FLINK-12394,apache/flink,8117,https://github.com/apache/flink/pull/8117,42
41,FLINK,FLINK-126,stratosphere/stratosphere,126,https://github.com/stratosphere/stratosphere/pull/126,42
42,FLINK,FLINK-1359,apache/incubator-flink,254,https://github.com/apache/incubator-flink/pull/254,42
43,FLINK,FLINK-13639,apache/flink,8362,https://github.com/apache/flink/pull/8362,42
44,FLINK,FLINK-1373,apache/flink,254,https://github.com/apache/flink/pull/254,42
45,FLINK,FLINK-13730,apache/flink,7605,https://github.com/apache/flink/pull/7605,42
46,FLINK,FLINK-145,stratosphere/stratosphere,145,https://github.com/stratosphere/stratosphere/pull/145,42
47,FLINK,FLINK-14700,apache/flink,10106,https://github.com/apache/flink/pull/10106,42
48,FLINK,FLINK-14846,facebook/rocksdb,5670,https://github.com/facebook/rocksdb/pull/5670,42
49,FLINK,FLINK-14853,apache/flink,10216,https://github.com/apache/flink/pull/10216,42
50,FLINK,FLINK-15832,apache/flink,10936,https://github.com/apache/flink/pull/10936,42
51,FLINK,FLINK-1760,apache/flink,477,https://github.com/apache/flink/pull/477,42
52,FLINK,FLINK-17608,apache/flink,11731,https://github.com/apache/flink/pull/11731,42
53,FLINK,FLINK-18067,apache/flink,11176,https://github.com/apache/flink/pull/11176,42
54,FLINK,FLINK-18755,apache/flink,12729,https://github.com/apache/flink/pull/12729,42
55,FLINK,FLINK-19988,apache/flink,13586,https://github.com/apache/flink/pull/13586,42
56,FLINK,FLINK-20650,docker-library/official-images,9249,https://github.com/docker-library/official-images/pull/9249,42
57,FLINK,FLINK-20991,docker-library/official-images,9345,https://github.com/docker-library/official-images/pull/9345,42
58,FLINK,FLINK-21572,apache/flink,12923,https://github.com/apache/flink/pull/12923,42
59,FLINK,FLINK-22479,awslabs/amazon-kinesis-connector-flink,24,https://github.com/awslabs/amazon-kinesis-connector-flink/pull/24,42
60,FLINK,FLINK-22488,apache/flink,15605,https://github.com/apache/flink/pull/15605,42
61,FLINK,FLINK-226,stratosphere/stratosphere,226,https://github.com/stratosphere/stratosphere/pull/226,42
62,FLINK,FLINK-22944,apache/flink,16035,https://github.com/apache/flink/pull/16035,42
63,FLINK,FLINK-23399,apache/flink,14893,https://github.com/apache/flink/pull/14893,42
64,FLINK,FLINK-236,stratosphere/stratosphere,126,https://github.com/stratosphere/stratosphere/pull/126,42
65,FLINK,FLINK-2572,apache/flink,1049,https://github.com/apache/flink/pull/1049,42
66,FLINK,FLINK-268,stratosphere/stratosphere,268,https://github.com/stratosphere/stratosphere/pull/268,42
67,FLINK,FLINK-280,stratosphere/stratosphere,107,https://github.com/stratosphere/stratosphere/pull/107,42
68,FLINK,FLINK-283,stratosphere/stratosphere,283,https://github.com/stratosphere/stratosphere/pull/283,42
69,FLINK,FLINK-289,stratosphere/stratosphere,289,https://github.com/stratosphere/stratosphere/pull/289,42
70,FLINK,FLINK-291,stratosphere/stratosphere,291,https://github.com/stratosphere/stratosphere/pull/291,42
71,FLINK,FLINK-301,stratosphere/stratosphere,301,https://github.com/stratosphere/stratosphere/pull/301,42
72,FLINK,FLINK-311,stratosphere/stratosphere,311,https://github.com/stratosphere/stratosphere/pull/311,42
73,FLINK,FLINK-312,stratosphere/stratosphere,312,https://github.com/stratosphere/stratosphere/pull/312,42
74,FLINK,FLINK-313,stratosphere/stratosphere,313,https://github.com/stratosphere/stratosphere/pull/313,42
75,FLINK,FLINK-42,stratosphere/stratosphere,42,https://github.com/stratosphere/stratosphere/pull/42,42
76,FLINK,FLINK-431,stratosphere/stratosphere,431,https://github.com/stratosphere/stratosphere/pull/431,42
77,FLINK,FLINK-435,stratosphere/stratosphere,435,https://github.com/stratosphere/stratosphere/pull/435,42
78,FLINK,FLINK-564,stratosphere/stratosphere,564,https://github.com/stratosphere/stratosphere/pull/564,42
79,FLINK,FLINK-569,stratosphere/stratosphere,569,https://github.com/stratosphere/stratosphere/pull/569,42
80,FLINK,FLINK-592,stratosphere/stratosphere,591,https://github.com/stratosphere/stratosphere/pull/591,42
81,FLINK,FLINK-630,stratosphere/stratosphere,630,https://github.com/stratosphere/stratosphere/pull/630,42
82,FLINK,FLINK-68,stratosphere/stratosphere,68,https://github.com/stratosphere/stratosphere/pull/68,42
83,FLINK,FLINK-688,stratosphere/stratosphere,688,https://github.com/stratosphere/stratosphere/pull/688,42
84,FLINK,FLINK-699,stratosphere/stratosphere,699,https://github.com/stratosphere/stratosphere/pull/699,42
85,FLINK,FLINK-716,stratosphere/stratosphere,716,https://github.com/stratosphere/stratosphere/pull/716,42
86,FLINK,FLINK-723,stratosphere/stratosphere,723,https://github.com/stratosphere/stratosphere/pull/723,42
87,FLINK,FLINK-729,stratosphere/stratosphere,726,https://github.com/stratosphere/stratosphere/pull/726,42
88,FLINK,FLINK-74,stratosphere/stratosphere,74,https://github.com/stratosphere/stratosphere/pull/74,42
89,FLINK,FLINK-758,stratosphere/stratosphere,758,https://github.com/stratosphere/stratosphere/pull/758,42
90,FLINK,FLINK-774,stratosphere/stratosphere,774,https://github.com/stratosphere/stratosphere/pull/774,42
91,FLINK,FLINK-794,stratosphere/stratosphere,794,https://github.com/stratosphere/stratosphere/pull/794,42
92,FLINK,FLINK-8365,apache/flink,4963,https://github.com/apache/flink/pull/4963,42
93,FLINK,FLINK-844,stratosphere/stratosphere,844,https://github.com/stratosphere/stratosphere/pull/844,42
94,FLINK,FLINK-89,stratosphere/stratosphere,89,https://github.com/stratosphere/stratosphere/pull/89,42
95,FLINK,FLINK-891,stratosphere/stratosphere,891,https://github.com/stratosphere/stratosphere/pull/891,42
96,ZOOKEEPER,ZOOKEEPER-2444,apache/zookeeper,70,https://github.com/apache/zookeeper/pull/70,42
97,ZOOKEEPER,ZOOKEEPER-3252,apache/zookeeper,684,https://github.com/apache/zookeeper/pull/684,42
98,ZOOKEEPER,ZOOKEEPER-3396,apache/zookeeper,770,https://github.com/apache/zookeeper/pull/770,42
99,ZOOKEEPER,ZOOKEEPER-3681,apache/zookeeper,1166,https://github.com/apache/zookeeper/pull/1166,42
100,ZOOKEEPER,ZOOKEEPER-4384,apache/zookeeper,1761,https://github.com/apache/zookeeper/pull/1761,42
