selection_rank,jira_key,jira_project,repository_owner,repository_name,full_repository,pr_number,acquisition_outcome,raw_artifact_availability,raw_artifact_hash_validation,repository_identity,redirect_status,evidence_completeness
1,PARQUET-1032,PARQUET,apache,parquet-format,apache/parquet-format,30,ACQUIRED,True,VALID,apache/parquet-format,DIRECT,COMPLETE (PR+COMMITS+REVIEWS)
2,PARQUET-1202,PARQUET,databricks,spark-avro,databricks/spark-avro,73,ACQUIRED,True,VALID,databricks/spark-avro,DIRECT,COMPLETE (PR+COMMITS+REVIEWS)
3,PARQUET-1639,PARQUET,apache,arrow,apache/arrow,4985,ACQUIRED,True,VALID,apache/arrow,DIRECT,COMPLETE (PR+COMMITS+REVIEWS)
4,PARQUET-171,PARQUET,apache,incubator-parquet-mr,apache/incubator-parquet-mr,107,NOT_FOUND,False,N/A,apache/incubator-parquet-mr,DIRECT,PR_NOT_FOUND_ON_GITHUB
5,PARQUET-1809,PARQUET,apache,spark,apache/spark,27728,ACQUIRED,True,VALID,apache/spark,DIRECT,COMPLETE (PR+COMMITS+REVIEWS)
6,PARQUET-752,PARQUET,apache,arrow,apache/arrow,176,ACQUIRED,True,VALID,apache/arrow,DIRECT,COMPLETE (PR+COMMITS+REVIEWS)
7,PARQUET-88,PARQUET,apache,incubator-parquet-mr,apache/incubator-parquet-mr,53,NOT_FOUND,False,N/A,apache/incubator-parquet-mr,DIRECT,PR_NOT_FOUND_ON_GITHUB
8,KAFKA-10064,KAFKA,apache,kafka,apache/kafka,8621,ACQUIRED,True,VALID,apache/kafka,DIRECT,COMPLETE (PR+COMMITS+REVIEWS)
9,KAFKA-10170,KAFKA,apache,kafka,apache/kafka,8657,ACQUIRED,True,VALID,apache/kafka,DIRECT,COMPLETE (PR+COMMITS+REVIEWS)
10,KAFKA-10297,KAFKA,apache,kafka,apache/kafka,8864,ACQUIRED,True,VALID,apache/kafka,DIRECT,COMPLETE (PR+COMMITS+REVIEWS)
11,KAFKA-10298,KAFKA,apache,kafka,apache/kafka,9031,ACQUIRED,True,VALID,apache/kafka,DIRECT,COMPLETE (PR+COMMITS+REVIEWS)
12,KAFKA-10669,KAFKA,apache,kafka,apache/kafka,8295,ACQUIRED,True,VALID,apache/kafka,DIRECT,COMPLETE (PR+COMMITS+REVIEWS)
13,KAFKA-10698,KAFKA,apache,kafka,apache/kafka,9401,ACQUIRED,True,VALID,apache/kafka,DIRECT,COMPLETE (PR+COMMITS+REVIEWS)
14,KAFKA-10768,KAFKA,apache,kafka,apache/kafka,3752,ACQUIRED,True,VALID,apache/kafka,DIRECT,COMPLETE (PR+COMMITS+REVIEWS)
15,KAFKA-12190,KAFKA,apache,kafka,apache/kafka,9583,ACQUIRED,True,VALID,apache/kafka,DIRECT,COMPLETE (PR+COMMITS+REVIEWS)
16,KAFKA-12569,KAFKA,apache,kafka,apache/kafka,10407,ACQUIRED,True,VALID,apache/kafka,DIRECT,COMPLETE (PR+COMMITS+REVIEWS)
17,KAFKA-12770,KAFKA,apache,kafka,apache/kafka,10656,ACQUIRED,True,VALID,apache/kafka,DIRECT,COMPLETE (PR+COMMITS+REVIEWS)
18,KAFKA-12771,KAFKA,apache,kafka,apache/kafka,10656,ACQUIRED,True,VALID,apache/kafka,DIRECT,COMPLETE (PR+COMMITS+REVIEWS)
19,KAFKA-12897,KAFKA,apache,kafka,apache/kafka,10494,ACQUIRED,True,VALID,apache/kafka,DIRECT,COMPLETE (PR+COMMITS+REVIEWS)
20,KAFKA-13191,KAFKA,apache,kafka,apache/kafka,9100,ACQUIRED,True,VALID,apache/kafka,DIRECT,COMPLETE (PR+COMMITS+REVIEWS)
21,KAFKA-5541,KAFKA,apache,kafka,apache/kafka,3449,ACQUIRED,True,VALID,apache/kafka,DIRECT,COMPLETE (PR+COMMITS+REVIEWS)
22,KAFKA-5607,KAFKA,apache,kafka,apache/kafka,3526,ACQUIRED,True,VALID,apache/kafka,DIRECT,COMPLETE (PR+COMMITS+REVIEWS)
23,KAFKA-5966,KAFKA,apache,kafka,apache/kafka,3027,ACQUIRED,True,VALID,apache/kafka,DIRECT,COMPLETE (PR+COMMITS+REVIEWS)
24,KAFKA-7011,KAFKA,apache,kafka,apache/kafka,5117,ACQUIRED,True,VALID,apache/kafka,DIRECT,COMPLETE (PR+COMMITS+REVIEWS)
25,KAFKA-7636,KAFKA,apache,kafka,apache/kafka,5919,ACQUIRED,True,VALID,apache/kafka,DIRECT,COMPLETE (PR+COMMITS+REVIEWS)
26,KAFKA-7956,KAFKA,apache,kafka,apache/kafka,6218,ACQUIRED,True,VALID,apache/kafka,DIRECT,COMPLETE (PR+COMMITS+REVIEWS)
27,KAFKA-8224,KAFKA,apache,kafka,apache/kafka,6177,ACQUIRED,True,VALID,apache/kafka,DIRECT,COMPLETE (PR+COMMITS+REVIEWS)
28,KAFKA-8240,KAFKA,apache,kafka,apache/kafka,5284,ACQUIRED,True,VALID,apache/kafka,DIRECT,COMPLETE (PR+COMMITS+REVIEWS)
29,KAFKA-8352,KAFKA,apache,kafka,apache/kafka,6651,ACQUIRED,True,VALID,apache/kafka,DIRECT,COMPLETE (PR+COMMITS+REVIEWS)
30,KAFKA-8884,KAFKA,apache,kafka,apache/kafka,7309,ACQUIRED,True,VALID,apache/kafka,DIRECT,COMPLETE (PR+COMMITS+REVIEWS)
31,KAFKA-9168,KAFKA,facebook,rocksdb,facebook/rocksdb,2283,ACQUIRED,True,VALID,facebook/rocksdb,DIRECT,COMPLETE (PR+COMMITS+REVIEWS)
32,KAFKA-9447,KAFKA,apache,kafka,apache/kafka,7952,ACQUIRED,True,VALID,apache/kafka,DIRECT,COMPLETE (PR+COMMITS+REVIEWS)
33,KAFKA-9790,KAFKA,apache,kafka,apache/kafka,6843,ACQUIRED,True,VALID,apache/kafka,DIRECT,COMPLETE (PR+COMMITS+REVIEWS)
34,AVRO-2034,AVRO,apache,avro,apache/avro,224,ACQUIRED,True,VALID,apache/avro,DIRECT,COMPLETE (PR+COMMITS+REVIEWS)
35,AVRO-2039,AVRO,apache,avro,apache/avro,230,ACQUIRED,True,VALID,apache/avro,DIRECT,COMPLETE (PR+COMMITS+REVIEWS)
36,AVRO-2199,AVRO,salsify,avro-patches,salsify/avro-patches,16,ACQUIRED,True,VALID,salsify/avro-patches,DIRECT,COMPLETE (PR+COMMITS+REVIEWS)
37,AVRO-2438,AVRO,apache,avro,apache/avro,329,ACQUIRED,True,VALID,apache/avro,DIRECT,COMPLETE (PR+COMMITS+REVIEWS)
38,AVRO-2624,AVRO,apache,avro,apache/avro,706,ACQUIRED,True,VALID,apache/avro,DIRECT,COMPLETE (PR+COMMITS+REVIEWS)
39,AVRO-2931,AVRO,apache,avro,apache/avro,958,ACQUIRED,True,VALID,apache/avro,DIRECT,COMPLETE (PR+COMMITS+REVIEWS)
40,FLINK-12394,FLINK,apache,flink,apache/flink,8117,ACQUIRED,True,VALID,apache/flink,DIRECT,COMPLETE (PR+COMMITS+REVIEWS)
41,FLINK-126,FLINK,stratosphere,stratosphere,stratosphere/stratosphere,126,ACQUIRED,True,VALID,stratosphere/stratosphere,DIRECT,COMPLETE (PR+COMMITS+REVIEWS)
42,FLINK-1359,FLINK,apache,incubator-flink,apache/incubator-flink,254,ACQUIRED,True,VALID,apache/incubator-flink -> apache/flink,REDIRECTED,COMPLETE (PR+COMMITS+REVIEWS)
43,FLINK-13639,FLINK,apache,flink,apache/flink,8362,ACQUIRED,True,VALID,apache/flink,DIRECT,COMPLETE (PR+COMMITS+REVIEWS)
44,FLINK-1373,FLINK,apache,flink,apache/flink,254,ACQUIRED,True,VALID,apache/flink,DIRECT,COMPLETE (PR+COMMITS+REVIEWS)
45,FLINK-13730,FLINK,apache,flink,apache/flink,7605,ACQUIRED,True,VALID,apache/flink,DIRECT,COMPLETE (PR+COMMITS+REVIEWS)
46,FLINK-145,FLINK,stratosphere,stratosphere,stratosphere/stratosphere,145,ACQUIRED,True,VALID,stratosphere/stratosphere,DIRECT,COMPLETE (PR+COMMITS+REVIEWS)
47,FLINK-14700,FLINK,apache,flink,apache/flink,10106,ACQUIRED,True,VALID,apache/flink,DIRECT,COMPLETE (PR+COMMITS+REVIEWS)
48,FLINK-14846,FLINK,facebook,rocksdb,facebook/rocksdb,5670,ACQUIRED,True,VALID,facebook/rocksdb,DIRECT,COMPLETE (PR+COMMITS+REVIEWS)
49,FLINK-14853,FLINK,apache,flink,apache/flink,10216,ACQUIRED,True,VALID,apache/flink,DIRECT,COMPLETE (PR+COMMITS+REVIEWS)
50,FLINK-15832,FLINK,apache,flink,apache/flink,10936,ACQUIRED,True,VALID,apache/flink,DIRECT,COMPLETE (PR+COMMITS+REVIEWS)
51,FLINK-1760,FLINK,apache,flink,apache/flink,477,ACQUIRED,True,VALID,apache/flink,DIRECT,COMPLETE (PR+COMMITS+REVIEWS)
52,FLINK-17608,FLINK,apache,flink,apache/flink,11731,ACQUIRED,True,VALID,apache/flink,DIRECT,COMPLETE (PR+COMMITS+REVIEWS)
53,FLINK-18067,FLINK,apache,flink,apache/flink,11176,ACQUIRED,True,VALID,apache/flink,DIRECT,COMPLETE (PR+COMMITS+REVIEWS)
54,FLINK-18755,FLINK,apache,flink,apache/flink,12729,ACQUIRED,True,VALID,apache/flink,DIRECT,COMPLETE (PR+COMMITS+REVIEWS)
55,FLINK-19988,FLINK,apache,flink,apache/flink,13586,ACQUIRED,True,VALID,apache/flink,DIRECT,COMPLETE (PR+COMMITS+REVIEWS)
56,FLINK-20650,FLINK,docker-library,official-images,docker-library/official-images,9249,ACQUIRED,True,VALID,docker-library/official-images,DIRECT,COMPLETE (PR+COMMITS+REVIEWS)
57,FLINK-20991,FLINK,docker-library,official-images,docker-library/official-images,9345,ACQUIRED,True,VALID,docker-library/official-images,DIRECT,COMPLETE (PR+COMMITS+REVIEWS)
58,FLINK-21572,FLINK,apache,flink,apache/flink,12923,ACQUIRED,True,VALID,apache/flink,DIRECT,COMPLETE (PR+COMMITS+REVIEWS)
59,FLINK-22479,FLINK,awslabs,amazon-kinesis-connector-flink,awslabs/amazon-kinesis-connector-flink,24,ACQUIRED,True,VALID,awslabs/amazon-kinesis-connector-flink,DIRECT,COMPLETE (PR+COMMITS+REVIEWS)
60,FLINK-22488,FLINK,apache,flink,apache/flink,15605,ACQUIRED,True,VALID,apache/flink,DIRECT,COMPLETE (PR+COMMITS+REVIEWS)
61,FLINK-226,FLINK,stratosphere,stratosphere,stratosphere/stratosphere,226,ACQUIRED,True,VALID,stratosphere/stratosphere,DIRECT,COMPLETE (PR+COMMITS+REVIEWS)
62,FLINK-22944,FLINK,apache,flink,apache/flink,16035,ACQUIRED,True,VALID,apache/flink,DIRECT,COMPLETE (PR+COMMITS+REVIEWS)
63,FLINK-23399,FLINK,apache,flink,apache/flink,14893,ACQUIRED,True,VALID,apache/flink,DIRECT,COMPLETE (PR+COMMITS+REVIEWS)
64,FLINK-236,FLINK,stratosphere,stratosphere,stratosphere/stratosphere,126,ACQUIRED,True,VALID,stratosphere/stratosphere,DIRECT,COMPLETE (PR+COMMITS+REVIEWS)
65,FLINK-2572,FLINK,apache,flink,apache/flink,1049,ACQUIRED,True,VALID,apache/flink,DIRECT,COMPLETE (PR+COMMITS+REVIEWS)
66,FLINK-268,FLINK,stratosphere,stratosphere,stratosphere/stratosphere,268,ACQUIRED,True,VALID,stratosphere/stratosphere,DIRECT,COMPLETE (PR+COMMITS+REVIEWS)
67,FLINK-280,FLINK,stratosphere,stratosphere,stratosphere/stratosphere,107,ACQUIRED,True,VALID,stratosphere/stratosphere,DIRECT,COMPLETE (PR+COMMITS+REVIEWS)
68,FLINK-283,FLINK,stratosphere,stratosphere,stratosphere/stratosphere,283,ACQUIRED,True,VALID,stratosphere/stratosphere,DIRECT,COMPLETE (PR+COMMITS+REVIEWS)
69,FLINK-289,FLINK,stratosphere,stratosphere,stratosphere/stratosphere,289,ACQUIRED,True,VALID,stratosphere/stratosphere,DIRECT,COMPLETE (PR+COMMITS+REVIEWS)
70,FLINK-291,FLINK,stratosphere,stratosphere,stratosphere/stratosphere,291,ACQUIRED,True,VALID,stratosphere/stratosphere,DIRECT,COMPLETE (PR+COMMITS+REVIEWS)
71,FLINK-301,FLINK,stratosphere,stratosphere,stratosphere/stratosphere,301,ACQUIRED,True,VALID,stratosphere/stratosphere,DIRECT,COMPLETE (PR+COMMITS+REVIEWS)
72,FLINK-311,FLINK,stratosphere,stratosphere,stratosphere/stratosphere,311,ACQUIRED,True,VALID,stratosphere/stratosphere,DIRECT,COMPLETE (PR+COMMITS+REVIEWS)
73,FLINK-312,FLINK,stratosphere,stratosphere,stratosphere/stratosphere,312,ACQUIRED,True,VALID,stratosphere/stratosphere,DIRECT,COMPLETE (PR+COMMITS+REVIEWS)
74,FLINK-313,FLINK,stratosphere,stratosphere,stratosphere/stratosphere,313,ACQUIRED,True,VALID,stratosphere/stratosphere,DIRECT,COMPLETE (PR+COMMITS+REVIEWS)
75,FLINK-42,FLINK,stratosphere,stratosphere,stratosphere/stratosphere,42,ACQUIRED,True,VALID,stratosphere/stratosphere,DIRECT,COMPLETE (PR+COMMITS+REVIEWS)
76,FLINK-431,FLINK,stratosphere,stratosphere,stratosphere/stratosphere,431,ACQUIRED,True,VALID,stratosphere/stratosphere,DIRECT,COMPLETE (PR+COMMITS+REVIEWS)
77,FLINK-435,FLINK,stratosphere,stratosphere,stratosphere/stratosphere,435,ACQUIRED,True,VALID,stratosphere/stratosphere,DIRECT,COMPLETE (PR+COMMITS+REVIEWS)
78,FLINK-564,FLINK,stratosphere,stratosphere,stratosphere/stratosphere,564,ACQUIRED,True,VALID,stratosphere/stratosphere,DIRECT,COMPLETE (PR+COMMITS+REVIEWS)
79,FLINK-569,FLINK,stratosphere,stratosphere,stratosphere/stratosphere,569,ACQUIRED,True,VALID,stratosphere/stratosphere,DIRECT,COMPLETE (PR+COMMITS+REVIEWS)
80,FLINK-592,FLINK,stratosphere,stratosphere,stratosphere/stratosphere,591,ACQUIRED,True,VALID,stratosphere/stratosphere,DIRECT,COMPLETE (PR+COMMITS+REVIEWS)
81,FLINK-630,FLINK,stratosphere,stratosphere,stratosphere/stratosphere,630,ACQUIRED,True,VALID,stratosphere/stratosphere,DIRECT,COMPLETE (PR+COMMITS+REVIEWS)
82,FLINK-68,FLINK,stratosphere,stratosphere,stratosphere/stratosphere,68,ACQUIRED,True,VALID,stratosphere/stratosphere,DIRECT,COMPLETE (PR+COMMITS+REVIEWS)
83,FLINK-688,FLINK,stratosphere,stratosphere,stratosphere/stratosphere,688,ACQUIRED,True,VALID,stratosphere/stratosphere,DIRECT,COMPLETE (PR+COMMITS+REVIEWS)
84,FLINK-699,FLINK,stratosphere,stratosphere,stratosphere/stratosphere,699,ACQUIRED,True,VALID,stratosphere/stratosphere,DIRECT,COMPLETE (PR+COMMITS+REVIEWS)
85,FLINK-716,FLINK,stratosphere,stratosphere,stratosphere/stratosphere,716,ACQUIRED,True,VALID,stratosphere/stratosphere,DIRECT,COMPLETE (PR+COMMITS+REVIEWS)
86,FLINK-723,FLINK,stratosphere,stratosphere,stratosphere/stratosphere,723,ACQUIRED,True,VALID,stratosphere/stratosphere,DIRECT,COMPLETE (PR+COMMITS+REVIEWS)
87,FLINK-729,FLINK,stratosphere,stratosphere,stratosphere/stratosphere,726,ACQUIRED,True,VALID,stratosphere/stratosphere,DIRECT,COMPLETE (PR+COMMITS+REVIEWS)
88,FLINK-74,FLINK,stratosphere,stratosphere,stratosphere/stratosphere,74,ACQUIRED,True,VALID,stratosphere/stratosphere,DIRECT,COMPLETE (PR+COMMITS+REVIEWS)
89,FLINK-758,FLINK,stratosphere,stratosphere,stratosphere/stratosphere,758,ACQUIRED,True,VALID,stratosphere/stratosphere,DIRECT,COMPLETE (PR+COMMITS+REVIEWS)
90,FLINK-774,FLINK,stratosphere,stratosphere,stratosphere/stratosphere,774,ACQUIRED,True,VALID,stratosphere/stratosphere,DIRECT,COMPLETE (PR+COMMITS+REVIEWS)
91,FLINK-794,FLINK,stratosphere,stratosphere,stratosphere/stratosphere,794,ACQUIRED,True,VALID,stratosphere/stratosphere,DIRECT,COMPLETE (PR+COMMITS+REVIEWS)
92,FLINK-8365,FLINK,apache,flink,apache/flink,4963,ACQUIRED,True,VALID,apache/flink,DIRECT,COMPLETE (PR+COMMITS+REVIEWS)
93,FLINK-844,FLINK,stratosphere,stratosphere,stratosphere/stratosphere,844,ACQUIRED,True,VALID,stratosphere/stratosphere,DIRECT,COMPLETE (PR+COMMITS+REVIEWS)
94,FLINK-89,FLINK,stratosphere,stratosphere,stratosphere/stratosphere,89,ACQUIRED,True,VALID,stratosphere/stratosphere,DIRECT,COMPLETE (PR+COMMITS+REVIEWS)
95,FLINK-891,FLINK,stratosphere,stratosphere,stratosphere/stratosphere,891,ACQUIRED,True,VALID,stratosphere/stratosphere,DIRECT,COMPLETE (PR+COMMITS+REVIEWS)
96,ZOOKEEPER-2444,ZOOKEEPER,apache,zookeeper,apache/zookeeper,70,ACQUIRED,True,VALID,apache/zookeeper,DIRECT,COMPLETE (PR+COMMITS+REVIEWS)
97,ZOOKEEPER-3252,ZOOKEEPER,apache,zookeeper,apache/zookeeper,684,ACQUIRED,True,VALID,apache/zookeeper,DIRECT,COMPLETE (PR+COMMITS+REVIEWS)
98,ZOOKEEPER-3396,ZOOKEEPER,apache,zookeeper,apache/zookeeper,770,ACQUIRED,True,VALID,apache/zookeeper,DIRECT,COMPLETE (PR+COMMITS+REVIEWS)
99,ZOOKEEPER-3681,ZOOKEEPER,apache,zookeeper,apache/zookeeper,1166,ACQUIRED,True,VALID,apache/zookeeper,DIRECT,COMPLETE (PR+COMMITS+REVIEWS)
100,ZOOKEEPER-4384,ZOOKEEPER,apache,zookeeper,apache/zookeeper,1761,ACQUIRED,True,VALID,apache/zookeeper,DIRECT,COMPLETE (PR+COMMITS+REVIEWS)
